{
    "01": [-23.5539, -46.73345],
    "02": [-23.5541, -46.73395],
    "03": [-23.5541, -46.73455],
    "04": [-23.5544, -46.73435],
    "05": [-23.55465, -46.7342],
    "06": [-23.55514, -46.7339],
    "07": [-23.55565, -46.73425],
    "08": [-23.5553, -46.73425],
    "09": [-23.55535, -46.73452],
    "10": [-23.554978, -46.734747],
    "11": [-23.5556, -46.734911],
    "12": [-23.5561, -46.734476],
    "14": [-23.555305, -46.735409],
    "15": [-23.5551, -46.73505],
    "16": [-23.55505, -46.735621],
    "17": [-23.55476, -46.735824],
    "18": [-23.555, -46.735465],
    "19": [-23.55471, -46.735524],
    "20": [-23.554508, -46.735127],
    "21": [-23.5547, -46.7349],
    "22": [-23.5564, -46.734878],
    "23": [-23.556046, -46.7355],
    "24": [-23.555588, -46.73576],
    "25": [-23.555357, -46.736005],
    "27": [-23.5562, -46.7356],
    "28": [-23.55645, -46.73536],
    "29": [-23.5556, -46.736],
    "30": [-23.55553, -46.736],
    "31": [-23.556377, -46.736062],
    "32": [-23.55553, -46.7363],
    "33": [-23.55729, -46.7362],
    "34": [-23.5572, -46.73645],
    "35": [-23.55729, -46.7365],
    "36": [-23.55676, -46.7362],
    "37": [-23.55589, -46.7363],
    "38": [-23.5568, -46.7364],
    "39": [-23.5562, -46.7373],
    "40": [-23.55725, -46.73654],
    "41": [-23.55745, -46.737],
    "45": [-23.5558, -46.737570],
    "46": [-23.556244, -46.738347],
    "47": [-23.5576, -46.736888],
    "48": [-23.55696, -46.7384],
    "50": [-23.557493, -46.738009],
    "52": [-23.5568, -46.7394],
    "53": [-23.5571, -46.739],
    "54": [-23.558, -46.73865],
    "55": [-23.55735, -46.7397],
    "56": [-23.558218, -46.739658],
    "58": [-23.557191, -46.740275],
    "59": [-23.5577, -46.740983],
    "60": [-23.5581, -46.7406],
    "61": [-23.55815, -46.74125],
    "62": [-23.557191, -46.741],
    "63": [-23.55815, -46.74135],
    "64": [-23.5580, -46.7415],
    "65": [-23.55785, -46.7418],
    "66": [-23.55725, -46.742061],
    "67": [-23.5571, -46.741664]
}
